{"ZcYLrhyzuMhyPpRAVVwXiw==":"logo%20ropresso%20digital-554x151.png","dOmKopX3XRWb51lL0oy5QQ==":"logo%20digital%20site-436x151.png","Z5qS/nOyiXWfo8PceMSzyw==":"laminare-450x300.png","LiRBYGPw6E/JM1pIXIWzYg==":"lamination-1-2953x1866.jpg","HcV17xCKeL6ItqQinZgyzQ==":"untitled-1-801x534.png","OU+Yg77ZJKGvTDRryimGxg==":"mbr-1683x1080.jpg","62eZ3K8g+C9BSvjTkQKC8A==":"untitled-1-1201x801.png","9bSbLFz+73kRcIfHEwtQNQ==":"untitled-2-1201x801.png","9MVgW72/hzCgb2A1DRjBYw==":"lamination-1500x700.png","UQZmSiCZKi29hEQmKmcA2g==":"laminare-1201x901.png","TNZXbIPCK/w5jCWvPx9MKg==":"laminare-1-1201x901.png","yxAUiCOhPMsU6XaKMzL31w==":"legare-1201x901.png","Sul+njLgEnR37E2RrxZV+w==":"finisare%20documente-1201x901.png","BNqgLedFZGmHSfqf3QbvZw==":"mbr-1708x1080.jpg","2ZluD45PLg4udU50IAjYPA==":"mbr-1623x1080.jpg","S0cM3dertzqgIZrUn1253Q==":"icon-1-101x101.png","G1m1MaKSCGooTtdeOCCO0Q==":"mbr-1620x1080.jpg","5hnvIeFEovNsMnN0ZL1r/w==":"mbr-1-1620x1080.jpg","vJeIFDYLjwAhHlGuQp1mIQ==":"mbr-2-1620x1080.jpg","Ei43mufq0SE9Fz7LzbTyrA==":"mbr-3-1620x1080.jpg","QE7A2ouq/Q4wIE9E4pb/kA==":"mbr-1080x1080.jpg","HEWg1Pil0wRxHW1avEVzog==":"mbr-4-1620x1080.jpg"}